0,1,2,3,4
Brock Berlin,FloridaMiami (FL)[6],Undrafted,Miami DolphinsDallas CowboysSt. Louis RamsDetroit Lions,1997 ESPN RISE National High School Sophomore Player of the YearElite 11 MVP1999 USA Today National Offensive High School Player of the Year2000Gatorade National Player of the Year
Matt Cassel,USC[7],2005 Rd. 7,New England PatriotsKansas City ChiefsMinnesota VikingsBuffalo BillsDallas CowboysTennessee Titans[8]Detroit Lions,"2x National Champion (2003,2004)"
Casey Clausen,Tennessee[9],Undrafted,Kansas City Chiefs[9],2002 Florida Citrus BowlMVP
Matt LoVecchio,Notre DameIndiana,Undrafted,New York Giants,None
Chance Mock,Texas[10],Undrafted,None,None
John Rattay,TennesseeArizonaPasadena City,Undrafted,None,None
Chris Rix,Florida State,Undrafted,None,2001ACC Freshman of the Year
Jeff Smoker,Michigan State[11],2004 Rd. 6,St. Louis RamsPhiladelphia EaglesKansas City Chiefs[11],2003 All-Big Ten Second Team by Coaches and Media
Jon Van Cleave,Louisiana-Lafayette,Undrafted,None,None
Zac Wasserman,Penn StateLos Angeles ValleyCalifornia,Undrafted,None,None
Roman Ybarra,UCLAPalomarIdaho State,Undrafted,None,None
Derek Anderson,Oregon State,2005 Rd. 6,Baltimore RavensCleveland BrownsArizona CardinalsCarolina Panthers[13]Buffalo Bills,2004 All-Pac-10 Second Team2004 Insight BowlOffensive MVP2008 Pro BowlSelection
Kellen Clemens,Oregon,2006 Rd. 2,New York JetsWashington RedskinsHouston TexansSt. Louis RamsSan Diego/Los Angeles Chargers,None
Nic Costa,ArizonaPortland State,Undrafted,None,None
Brodie Croyle,Alabama[14],2006 Rd. 3,Kansas City ChiefsArizona Cardinals[14],Elite 11 MVP2006 Cotton Bowl ClassicMVP
Billy Hart,USC,Undrafted,None,None
Matt Leinart,USC[7],2006 Rd. 1,Arizona CardinalsHouston TexansOakland RaidersBuffalo Bills[15],"2004Heisman Trophy2004Walter Camp Award2004Johnny Unitas Golden Arm Award2004Manning Award2xCollege Football Quarterback of the Year Award(2004, 2005)2004Associated Press College Football Player of the Year Award2004 Rose BowlMVP2x National Champion (2003, 2004)2005 Orange BowlMVP"
Ingle Martin,FloridaFurman,2006 Rd. 5,Green Bay PackersTennessee TitansKansas City ChiefsDenver Broncos[16],None
Adrian McPherson,Florida State,2005 Rd. 5,New Orleans Saints,None
Kyle Orton,Purdue,2005 Rd. 4,Chicago BearsDenver BroncosKansas City ChiefsDallas CowboysBuffalo Bills[17],2004 All-Big Ten First Team by Media & Second Team by Coaches
Casey Paus,Washington,Undrafted,None,None
D. J. Shockley,Georgia[18],2006 Rd. 7,Atlanta Falcons[18],2005 All-SEC First Team by AP & Second Team by Coaches
Paul Troth,East CarolinaLiberty,Undrafted,None,None
Gavin Dickey,Florida,Undrafted,None,None
Trent Edwards,Stanford,2007 Rd. 3,Buffalo BillsJacksonville JaguarsOakland RaidersPhiladelphia EaglesChicago Bears[20],None
Matt Gutierrez,MichiganIdaho State[21],Undrafted,New England PatriotsKansas City ChiefsChicago BearsWashington Redskins[21]St. Louis Rams[22],None
Anthony Martinez,Virginia,Undrafted,None,None
Ryan O'Hara,ArizonaScottsdale CCCentral Oklahoma[23],Undrafted,None,None
Ben Olson,BYUUCLA,Undrafted,None,Elite 11 MVP
Drew Olson,UCLA[24],Undrafted,Baltimore RavensCarolina PanthersSan Francisco 49ers[24],2005 All-Pac-10 Second Team
Tyler Palko,Pittsburgh[25],Undrafted,New Orleans SaintsArizona CardinalsPittsburgh SteelersKansas City Chiefs[25],2004 All-Big East Second Team2005 All-Big East Second Team
Troy Smith,Ohio State,2007 Rd. 5,Baltimore RavensSan Francisco 49ersPittsburgh Steelers,2006Heisman Trophy2006Associated Press College Football Player of the Year Award2006College Football Quarterback of the Year Award2006Walter Camp Award2006Davey O'Brien Award2006 Fiesta BowlMVP
Drew Stanton,Michigan State,2007 Rd. 2,Detroit LionsNew York JetsIndianapolis ColtsArizona CardinalsCleveland BrownsTampa Bay Buccaneers,Super Bowl champion (2020)
Vince Young,Texas[10],2006 Rd. 1,Tennessee TitansPhiladelphia EaglesBuffalo BillsGreen Bay PackersCleveland Browns[26],"2003Big 12 Offensive Freshman of the Year2005Maxwell Award2005Manning Award2005Davey O'Brien Award2005 National Champion2xRose BowlMVP (2005,2006)2005Big 12 Offensive Player of the Year2006AP NFL Offensive Rookie of the Year2006Diet Pepsi NFL Rookie of the Year2007 Pro BowlSelection"
Justin Zwick,Ohio State[27],Undrafted,Carolina Panthers[27],None
Mike Affleck,Arizona StateBYUDixie StateUtah State[29],Undrafted,None,None
Dennis Dixon,Oregon,2008 Rd. 5,Pittsburgh SteelersBaltimore RavensPhiladelphia EaglesBuffalo BillsArizona Cardinals,2007Pac-10 Offensive Player of the YearSuper Bowl XLIIIChampion
Tommy Grady,OklahomaUtah,Undrafted,Miami Dolphins,"First-Team All-Arena QB (2012)AFL Offensive Player of the Year(2012)National GuardMVP of the Year (2012)AFL Single Season Record for touchdown passes (142 in 2012)AFL Single Season Record for passing yards (5,863 in 2102)AFL Single Season Record for passing completions (508 in 2012)AFL Single Game Record for touchdown passes (12 in 2012)"
Robert Lane,Ole Miss,Undrafted,None,None
Chris Leak,Florida[30],Undrafted,Chicago Bears[30],2000 ESPN RISE National High School Sophomore Player of the Year2001 ESPN RISE National High School Junior Player of the Year2002Hall Trophy2002 USA Today National Offensive High School Player of the Year2006 All-SEC Second Team by Coaches2006 National Champion2007 BCS National Championship GameMVP
Justin Midgett,FloridaEastern Illinois,Undrafted,None,None
Blake Mitchell,South Carolina,Undrafted,None,None
T. C. Ostrander,Stanford,Undrafted,New Orleans Saints[31],None
Clayton Richard,Michigan,Undrafted,None,PitcherforChicago White SoxandSan Diego Padres
JaMarcus Russell,LSU,2007 Rd. 1,Oakland Raiders[32],2003 National Champion2006 All-SEC First Team by Coaches and AP2006Manning Award2007 NFL DraftNumber One Overall Selection
Andre' Woodson,Kentucky,2008 Rd. 6,New York GiantsWashington Redskins[33],"2xMusic City BowlMVP (2006,2007)2006 All-SEC Second Team by Coaches and AP2007 All-SEC Second Team by Coaches and AP"
Kyle Wright,Miami (FL)[34],Undrafted,Minnesota VikingsSan Francisco 49ers[34],Elite 11 MVP2003Gatorade National Player of the Year
Rhett Bomar,OklahomaSam Houston State[36],2009 Rd. 5,New York GiantsMinnesota Vikings[37]Oakland Raiders[38],2002Rivals.comHigh School Junior of the YearElite 11 co-MVP2005 Holiday BowlOffensive MVP
John David Booty,USC,2008 Rd. 5,Minnesota VikingsTennessee TitansHouston Texans,"2001 ESPN RISE National High School Sophomore Player of the Year2006 All-Pac-10 First Team2008 Rose BowlOffensive MVP2x National Champion (2003, 2004)"
A.J. Bryant,Georgia,Undrafted,None,None
Kirby Freeman,Miami (FL)Baylor,Undrafted,San Francisco 49ers[39],2006 MPC Computers BowlMVP
Brian Hildebrand,Oregon StateMt. San AntonioNebraska[40]Humboldt State[41],Undrafted,None,None
Cornelius Ingram,Florida,2009 Rd. 5(Drafted as TE),Philadelphia EaglesDetroit LionsDenver Broncos,"2x National Champion (2006, 2008)"
Nate Longshore,California,Undrafted,None,2006 Holiday BowlCo-Offensive MVP
Anthony Morelli,Penn State,Undrafted,Arizona Cardinals,None
Chase Patton,Missouri,Undrafted,None,None
Bobby Reid,Oklahoma StateTexas Southern,Undrafted,None,None
Matt Tuiasosopo,Washington,Undrafted,None,Elite 11 co-MVP
Drew Weatherford,Florida State,Undrafted,None,None
Harrison Beck,NebraskaNC StateNorth Alabama,Undrafted,None,None
Jake Christensen,IowaEastern Illinois,Undrafted,None,None
Joe Cox,Georgia,Undrafted,None,None
Jonathan Crompton,Tennessee,2010 Rd. 5,San Diego ChargersNew England PatriotsTampa Bay BuccaneersWashington Redskins[43],None
Chase Daniel,Missouri,Undrafted,Washington RedskinsNew Orleans SaintsKansas City ChiefsPhiladelphia Eagles[44]Chicago Bears[45]Detroit LionsLos Angeles Chargers,2007Heisman TrophyFinalist2007Big 12 Offensive Player of the Year
Jonathan Garner,Georgia TechMarshall,Undrafted,None,None
Arkelon Hall,Washington StateCollege of the SequoiasMemphis,Undrafted,None,None
Ryan Perrilloux,LSUJacksonville State[46],Undrafted,New York Giants[46],2004Hall Trophy2004 USA Today National Offensive High School Player of the Year2007 National Champion
Kyle Reed,CaliforniaSan Jose State,Undrafted,None,None
Mark Sanchez,USC,2009 Rd. 1,New York JetsPhiladelphia EaglesDenver BroncosDallas CowboysChicago Bears[47]Washington Redskins,Elite 11 MVP2008 All-Pac-10 First Team2009 Rose BowlOffensive MVP
Rob Schoenhoft,Ohio StateDelaware[48],Undrafted,None,None
Willie Tuitama,Arizona,Undrafted,None,2008 Las Vegas BowlMVP
Neil Caudle,Auburn,Undrafted,None,2010 National Champion
Pat Devlin,Penn StateDelaware[50],Undrafted,Miami DolphinsMinnesota VikingsChicago BearsCleveland Browns[50],2010CAAOffensive Player of the Year2010ECACAll-East Offensive Player of the Year
Zach Frazer,Notre DameConnecticut,Undrafted,None,None
Josh Freeman,Kansas State,2009 Rd. 1,Tampa Bay BuccaneersMinnesota VikingsNew York GiantsMiami DolphinsIndianapolis Colts[51],None
Cody Hawkins,Colorado,Undrafted,None,None
Jake Locker,Washington,2011 Rd. 1,Tennessee Titans[52],2007Pac-10 Freshman of the Year
Mitch Mustain,ArkansasUSC[53],Undrafted,None,2005Hall Trophy2005 USA Today National Offensive High School Player of the Year2006Gatorade National Player of the Year
Kevin Riley,California,Undrafted,None,2007 Armed Forces BowlMVP
Jevan Snead,TexasOle Miss[54],Undrafted,Tampa Bay Buccaneers[54],None
Matthew Stafford,Georgia,2009 Rd. 1,Detroit Lions[55]Los Angeles Rams[56],"Elite 11 MVP2006 Chick-fil-A BowlMVP2008 All-SEC Second Team by Coaches and AP2009 Capital One BowlMVP2009 NFL DraftNumber One Overall Selection2011 4th quarterback in NFL history to throw over 5,000 yards in a single seasonSuper Bowl Champion"
Tim Tebow,Florida,2010 Rd. 1,Denver BroncosNew York JetsNew England PatriotsPhiladelphia Eagles[57]Jacksonville Jaguars(TE),"2007Heisman Trophy2007Associated Press College Football Player of the Year Award2007College Football Quarterback of the Year Award2xMaxwell Award(2007, 2008)2007Davey O'Brien Award2007Sullivan Award2008Manning Award2008Wuerffel Trophy2x National Champion (2006, 2008)2008, 2009Heisman TrophyFinalist2009 BCS National Championship GameMVP2010 Sugar BowlMVP"
Isiah Williams,Illinois,Undrafted,None,2008 All-Big Ten Second Team by Media
Rontrell Bailey,Ouachita BaptistArkansas–Pine Bluff,Undrafted,None,None
John Brantley,Florida,Undrafted,Baltimore Ravens,Elite 11 MVP2007Gatorade National Player of the Year2008 National Champion
Aaron Corp,USCRichmond[59],Undrafted,Buffalo BillsDallas CowboysMiami Dolphins[59],None
Stephen Garcia,South Carolina,Undrafted,None,None
Logan Gray,GeorgiaColorado,Undrafted,None,None
Willy Korn,ClemsonMarshall[60]North Greenville[61],Undrafted,None,None
Peter Lalich,VirginiaOregon StateCalifornia (PA)[62],Undrafted,None,None
Jarrett Lee,LSU,Undrafted,San Diego Chargers,2007 National Champion
Ryan Mallett,MichiganArkansas,2011 Rd. 3,New England PatriotsHouston TexansBaltimore Ravens[63],2010 Premier Player of College Football Trophy Winner2009 All-SEC Second Team by Coaches and AP2010 Liberty BowlMVP2010 All-SEC Second Team by Coaches and AP
Brock Mansion,California,Undrafted,None,None
Keith Nichol,OklahomaMichigan State,Undrafted,None,None
Tyrod Taylor,Virginia Tech,2011 Rd. 6,Baltimore RavensBuffalo BillsCleveland Browns[64]Los Angeles ChargersHouston TexansNew York Giants,2010ACC Football Player of the Year2010ACC Offensive Player of the YearSuper Bowl XLVIIChampion
Nick Crissman,UCLA,Undrafted,None,None
Dayne Crist,Notre DameKansas[66],Undrafted,Baltimore Ravens[66],None
Blaine Gabbert,Missouri,2011 Rd. 1,Jacksonville JaguarsSan Francisco 49ersArizona Cardinals[67]Tennessee TitansTampa Bay Buccaneers,Elite 11 MVPSuper Bowl champion (2020)
Mike Glennon,NC State,2013 Rd. 3,Tampa Bay BuccaneersChicago BearsArizona Cardinals[68]Tennessee TitansTampa Bay BuccaneersJacksonville JaguarsNew York Giants,None
Jacory Harris,Miami (FL),Undrafted,Philadelphia Eagles,None
Star Jackson,AlabamaGeorgia State,Undrafted,None,None
Landry Jones,Oklahoma,2013 Rd. 4,Pittsburgh Steelers[69]Jacksonville JaguarsOakland Raiders,2010Sammy Baugh Trophy2011 Fiesta BowlOffensive MVP
Andrew Luck,Stanford,2012 Rd. 1,Indianapolis Colts[70],"2010Heisman TrophyFinalist2011 Orange BowlMVP2011Heisman TrophyFinalist2011Maxwell Award2011Walter Camp Award2011Johnny Unitas Golden Arm Award2xPac-12 Offensive Player of the Year(2010, 2011)2012 NFL DraftNumber One Overall Selection"
EJ Manuel,Florida State,2013 Rd. 1,Buffalo BillsOakland Raiders[71],2010 Gator BowlMVP2012 All-ACC Second Team by Coaches and Media
Kyle Parker,Clemson,Undrafted,None,None
Sean Renfree,Duke,2013 Rd. 7,Atlanta FalconsTampa Bay Buccaneers[72],None
John Wienke,Iowa,Undrafted,None,None
Tajh Boyd,Clemson,2014 Rd. 6,New York JetsPittsburgh Steelers,2011 All-ACC First Team2012ACC Football Player of the Year2012ACC Offensive Player of the Year
Richard Brehaut,UCLA,Undrafted,None,None
Allan Bridgford,CaliforniaSouthern Miss,Undrafted,None,None
Raymond Cotton,Ole MissSouth AlabamaMississippi Gulf Coast CCBelhavenMississippi College[74],Undrafted,None,None
Garrett Gilbert,TexasSMU,2014 Rd. 6,St. Louis RamsNew England PatriotsDetroit LionsOakland RaidersCarolina Panthers[75]Cleveland BrownsDallas Cowboys,2008 USA Today National Offensive High School Player of the Year2009Gatorade National Player of the Year
Andrew Maxwell,Michigan State,Undrafted,None,None
A. J. McCarron,Alabama,2014 Rd. 5,Cincinnati BengalsBuffalo Bills[76]Oakland RaidersHouston TexansAtlanta Falcons,"2012 BCS National Championship GameOffensive MVP2013 Maxwell Award Winner2013 Heisman Trophy Finalist2013 Johnny Unitas Golden Arm Award Winner2012 All-SEC Second Team by CoachesAP 3 time national champion (2009, 2011, 2012)"
Zach Mettenberger,GeorgiaButler CCLSU[77],2014 Rd. 6,Tennessee TitansSan Diego ChargersPittsburgh Steelers[78],None
Aaron Murray,Georgia,2014 Rd. 5,Kansas City ChiefsArizona CardinalsPhiladelphia EaglesLos Angeles Rams[79],"Elite 11 MVP2011 All-SEC Second Team by Coaches and AP2013 Capital One Bowl MVPAll-time SEC Passing Touchdown LeaderAll-time SEC Career Passing Yards LeaderFirst SEC QB to pass for 3,000yds in 4 straight seasons"
Bryn Renner,North Carolina,Undrafted,Denver BroncosBaltimore RavensTennessee TitansSan Diego ChargersPittsburgh Steelers[80],None
Tom Savage,RutgersArizonaPittsburgh[81],2014 Rd. 4,Houston Texans[82]New Orleans SaintsSan Francisco 49ersCincinnati BengalsDetroit Lions,None
Geno Smith,West Virginia,2013 Rd. 2,New York JetsNew York GiantsLos Angeles Chargers[83]Seattle Seahawks,2010 All-Big East Conference Second Team2011 All-Big East Conference First Team2012 Orange BowlMost Valuable Player2012 All-Big 12 Conference Second Team2022 NFL Completion Percentage leader2022 Pro BowlSelection2022 NFL Comeback Player of the Year
Blake Bell,Oklahoma,2015 Rd. 4(Drafted asTE),San Francisco 49ersMinnesota Vikings[86]Jacksonville JaguarsDallas CowboysKansas City Chiefs,2011 Insight BowlOffensive MVP
Joe Boisture,Michigan StateSaginaw Valley State,Undrafted,None,None
Rob Bolden,Penn StateLSUEastern Michigan[87],Undrafted,None,None
Tyler Bray,Tennessee,Undrafted,Kansas City ChiefsChicago Bears[88],None
Barry Brunetti,West VirginiaOle Miss,Undrafted,None,None
Devin Gardner,Michigan,Undrafted,New England PatriotsPittsburgh Steelers,None
Jake Heaps,BYUKansasMiami (FL)[89],Undrafted,New York JetsSeattle Seahawks[89],Elite 11 MVP2010 New Mexico BowlMVP
Austin Hinder,California,Undrafted,None,None
Nick Montana,WashingtonMt. San AntonioTulane[90],Undrafted,None,None
Jesse Scroggins,USCEl CaminoArizonaLindenwood[91],Undrafted,None,None
Phillip Sims,AlabamaVirginiaWinston-Salem State[92],Undrafted,Arizona CardinalsSeattle Seahawks[92],None
Chandler Whitmer,IllinoisButler CCConnecticut[93],Undrafted,None,None
Archie Bradley,Oklahoma[95],Undrafted,None,
Teddy Bridgewater,Louisville,2014 Rd. 1,Minnesota VikingsNew York Jets[96]New Orleans SaintsCarolina PanthersDenver BroncosMiami Dolphins,2011Big East Rookie of the Year2012Big East Offensive Player of the Year
Evan Crower,Stanford,Undrafted,None,None
Jeff Driskel,FloridaLouisiana Tech,2016 Rd. 6,San Francisco 49ersCincinnati Bengals[97]Detroit LionsDenver BroncosHouston Texans,Elite 11 MVP
Phillip Ely,AlabamaToledo,Undrafted,None,None
Kiehl Frazier,AuburnOuachita Baptist[98],Undrafted,None,None
Everett Golson,Notre DameFlorida State,Undrafted,None,None
Cody Kessler,USC,2016 Rd. 3,Cleveland BrownsJacksonville JaguarsPhiladelphia EaglesNew England Patriots,None
Adam Pittser,WyomingIllinois State,Undrafted,None,None
DaMarcus Smith,Western KentuckyButler CC[99]North Texas[100]Kentucky Wesleyan[101],Undrafted,None,None
Kendal Thompson,OklahomaUtah,Undrafted,Washington RedskinsLos Angeles Rams,None
J.W. Walsh,Oklahoma State,Undrafted,None,2012Big 12 Freshman Offensive Player of the Year
Austin Appleby,PurdueFlorida,Undrafted,Dallas Cowboys[103],None
Neal Burcham,SMU,Undrafted,None,Elite 11 co-MVP
Shane Dillon,ColoradoCuyamaca[104]Metro State[105][106],Undrafted,None,None
Bart Houston,Wisconsin[107],Undrafted,Pittsburgh Steelers[107],None
Chad Kelly,ClemsonEast Mississippi CCOle Miss[108],2017 Rd. 7,Denver BroncosIndianapolis Colts,2014 NJCAA National Champion
Zach Kline,CaliforniaButteIndiana StateFresno State[109],Undrafted,None,None
Jeff Lindquist,Washington,Undrafted,None,None
Tanner Mangum,BYU,Undrafted,None,Elite 11 co-MVP2015 Touchdown Club of Columbus Freshman of the Year
Zeke Pike,AuburnLouisvilleMurray State[110],Undrafted,None,None
Chad Voytik,PittsburghArkansas State,Undrafted,None,None
Jameis Winston,Florida State,2015 Rd. 1,Tampa Bay BuccaneersNew Orleans Saints,Elite 11 co-MVP2013 Heisman Trophy2013 Davey O'Brien National Quarterback Award2013 Walter Camp Football Foundation Award2013 Manning Award2013 ACC Player of the Year2013 ACC Rookie of the Year2013 Sporting News Player of the Year2013 Consensus All-American2013 AP National Player of the Year2014 ACC Athlete of the Year2014 BCS National Champion2014 BCS National Championship Offensive MVP2015 NFL DraftNumber One Overall Selection2015 NFL Pro Bowl
Max Browne,USCPittsburgh,Undrafted,None,None
Shane Cockerille,Maryland,Undrafted,None,None
Luke Del Rio,AlabamaOregon StateFlorida[112],Undrafted,None,None
Joshua Dobbs,Tennessee,2017 Rd. 4,Pittsburgh SteelersJacksonville JaguarsArizona Cardinals,2015 TaxSlayer Bowl MVP
Jared Goff,California,2016 Rd. 1,Los Angeles RamsDetroit Lions,2017 Pro Bowl2018 Pro Bowl2015 Armed Forces Bowl (December) MVP2022 Pro Bowl
Zack Greenlee,Fresno StateUTEP,Undrafted,None,None
Christian Hackenberg,Penn State,2016 Rd. 2,New York JetsOakland RaidersPhiladelphia EaglesCincinnati Bengals,2013 Big Ten Thompson–Randle El Freshman of the Year
Kevin Olsen,Miami (FL)TowsonGarden City CCRiverside CityCharlotte[113],Undrafted,None,None
Johnny Stanton,NebraskaSaddlebackUNLV[114],Undrafted,Minnesota VikingsCleveland Browns,None
Asiantii Woulard,UCLASouth FloridaClarion (PA)[115],Undrafted,None,Elite 11 MVP
Malik Zaire,Notre DameFlorida[116],Undrafted,None,None
Kyle Allen,Texas A&MHouston,Undrafted,Carolina PanthersWashington RedskinsHouston Texans,2014 Liberty BowlMVP
Drew Barker,Kentucky,Undrafted,None,None
David Blough,Purdue,Undrafted,Cleveland BrownsDetroit Lions,None
K. J. Carta-Samuels,WashingtonColorado State,Undrafted,None,None
Will Grier,FloridaWest Virginia,2019 Rd. 3,Carolina PanthersDallas Cowboys,Second Team All-Big 12 (2018)
Jerrod Heard,Texas,Undrafted,None,None
Brad Kaaya,Miami (FL),2017 Rd. 6,Detroit LionsCarolina PanthersIndianapolis ColtsCincinnati Bengals,2014 ACC Freshman of the Year
Jacob Park,GeorgiaTrident TechNortheastern Oklahoma A&MIowa State[119],Undrafted,None,None
Luke Rubenzer,California,Undrafted,None,None
Deshaun Watson,Clemson,2017 Rd. 1,Houston TexansCleveland Browns,2015Heisman TrophyFinalist2016Heisman TrophyFinalist2015 Davey O'Brien National Quarterback Award2016 Davey O'Brien National Quarterback Award2015 Manning Award2016 Manning Award2015 ACC Player of the Year2016 Johnny Unitas Golden Arm AwardCFP national champion(2016)2017 College Football Playoff National Championship Offensive MVP
Sean White,Auburn,Undrafted,None,Elite 11 MVPUA All-America game MVP
Blake Barnett,AlabamaPalomarArizona StateSouth Florida,Undrafted,None,Elite 11 MVP
Deondre Francois,Florida StateHampton,Undrafted,None,ACC Rookie of the Year(2016)ACC Offensive Rookie of the Year(2016)
Ben Hicks,SMUArkansas,Undrafted,None,"SMU's career leader in passing yards (9,081 yards)SMU's career leader in passing touchdowns (71)"
Travis Jonsen,OregonRiverside CityMontana State,Undrafted,None,None
Drew Lock,Missouri,2019 Rd. 2,Denver BroncosSeattle Seahawks,SEC single season passing touchdown record (44) (2017)FBS passing touchdowns leader (2017)First-Team All-SEC (2017)Second-Team All-SEC (2018)
Kyler Murray,Texas A&MOklahoma[120],2019 Rd. 1,Arizona Cardinals,Gatorade Football Player of the Year(2014)USA TodayOffensive Player of the Year (2014)Heisman Trophy(2018)Davey O'Brien Award(2018)Associated Press Player of the Year(2018)Big 12 Offensive Player of the Year(2018)First-teamAll-American(2018)First-team All-Big 12(2018)Number One Overall Selection
Josh Rosen,UCLA,2018 Rd. 1,Arizona CardinalsMiami DolphinsTampa Bay BuccaneersSan Francisco 49ersAtlanta Falcons,Pac-12 Offensive Freshman of the Year(2015)Second-teamAll-Pac-12(2017)
Jarrett Stidham,BaylorMcLennan CCAuburn[121],2019 Rd. 4,New England Patriots,SEC Newcomer of the Year(2017)First-team All-SEC(2017)
Ricky Town,USCArkansasVenturaPittsburgh[122],Undrafted,None,None
Brady White,Arizona StateMemphis[123],Undrafted,None,None
Brandon Wimbush,Notre DameUCF,Undrafted,None,None
Shane Buechele,TexasSMU,Undrafted,Kansas City Chiefs,First-team All-AAC(2019)
K. J. Costello,StanfordMississippi State,Undrafted,Los Angeles Chargers,Second-team All-Pac-12(2018)
Jacob Eason,GeorgiaWashington[126],2020 Rd. 4,Indianapolis ColtsSeattle Seahawks,Gatorade Football Player of the Year(2015)USA TodayOffensive Player of the Year (2015)SEC Champion(2017)Rose Bowl Runner Up(2018)
Feleipe Franks,FloridaArkansas,Undrafted,Atlanta Falcons,2018 Peach Bowl Offensive MVP
Jarrett Guarantano,TennesseeWashington State,Undrafted,Arizona Cardinals,None
Dwayne Haskins,Ohio State,2019 Rd. 1,Washington Redskins / Football TeamPittsburgh Steelers,2018 Heisman Trophy Finalist2018 Rose Bowl MVPFirst team All-Big Ten (2018)Graham–George Offensive Player of the Year (2018)
Malik Henry,Florida StateIndependence CCNevada,Undrafted,None,None
Brandon McIlwain,South CarolinaCalifornia,Undrafted,None,None
Shea Patterson,Ole MissMichigan,Undrafted,Kansas City Chiefs,Elite 11 MVPThird-team All-Big Ten(2018)
Brandon Peters,MichiganIllinois,Undrafted,None,Indiana's Mr. Football(2015)
Anthony Russo,TempleMichigan State,Undrafted,None,None
Myles Brennan,LSU,Undrafted,None,2019 SEC Champion2020 National Champion
Sean Clifford,Penn State,2023 Rd. 5,Green Bay Packers,None
Tommy DeVito,SyracuseIllinois,Undrafted,New York Giants,None
Sam Ehlinger,Texas,2021 Rd. 6,Indianapolis Colts,2019 Sugar Bowl MVP2019 Alamo Bowl MVPSecond-team All-Big 12 Conference(2020)
Jake Fromm,Georgia,2020 Rd. 5,Buffalo BillsNew York GiantsWashington Commanders,SEC Champion(2017)SEC Freshman Player of the Year(2017)2018 Rose Bowl winner
Hunter Johnson,ClemsonNorthwesternClemson,Undrafted,None,2017 US Army All-American Bowl MVP2016 Indiana Mr. Football Award
Tate Martell,Ohio StateMiamiUNLV,Undrafted,None,"2× USA Today All-American (2014, 2016)Gatorade Football Player of the Year(2016)USA TodayOffensive Player of the Year (2016)2019 Rose Bowl ChampionCotton Bowl Classic Champion(2017)2×Big Ten Champion(2017), (2018)"
Dylan McCaffrey,MichiganNorthern Colorado,Undrafted,None,None
Davis Mills,Stanford,2021 Rd. 3,Houston Texans,None
Chris Robison,OklahomaFlorida Atlantic,Undrafted,None,First team All-Conference USA(2019)
Jack Sears,USCBoise State,Undrafted,None,None
Tua Tagovailoa,Alabama,2020 Rd. 1,Miami Dolphins,Elite 11 MVPHeisman trophyrunner-up (2018)CFP National Champion(2017)2018 CFP National Championship Offensive MVPMaxwell Award(2018)Walter Camp Award(2018)SEC Offensive Player of the Year(2018)First-Team All-SEC(2018)ConsensusAll-American(2018)2018 Orange BowlOffensive MVPSecond Team All-SEC(2019)
Gerry Bohanon,BaylorSouth Florida,In School,None,Davey O’Brien Award’s Quarterback Class of 2021
Cammon Cooper,Washington StateHawaiiSoutheastern Louisiana,In School,None,None
Matt Corral,Ole Miss,2022 Rd. 3,Carolina Panthers,2021 Outback Bowl(MVP)
Justin Fields,GeorgiaOhio State,2021 Rd. 1,Chicago Bears,"Elite 11 MVPSEC East Champion (2018)Heisman Trophy– Third Place  (2019)Big Ten Offensive Player of the Year(2019)Big Ten Quarterback of the Year(2019)First Team All Big Ten (2019,2020)Big Ten Champion (2019)Big Ten Championship MVP (2019)"
Trevor Lawrence,Clemson,2021 Rd. 1,Jacksonville Jaguars,"Hall Trophy(2017)USA Today Offensive Player of the Year(2017)ACC Rookie of the Year(2018)ACC Offensive Rookie of the Year(2018)2019 CFP National Champion(2019)Second team All-ACC (2018)2×ACC Champion(2018,2019)First team All-ACC (2019,2020)Number One Overall Selection"
Devin Leary,NC StateKentucky,In School,None,None
Tanner McKee,Stanford,2023 Rd. 6,Philadelphia Eagles,None
Quincy Patterson II,Virginia TechNorth Dakota StateTemple,In School,None,None
Justin Rogers,TCUUNLV,Undrafted,None,None
Tyler Shough,OregonTexas Tech,In School,None,2020 Rose Bowl Champion
Dorian Thompson-Robinson,UCLA,2023 Rd. 5,Cleveland Browns,"2x Second-team All-Pac-12 (2020, 2021)"
Jack Tuttle,UtahIndianaMichigan,In School,None,None
Jarren Williams,Miami (FL)South FloridaAlabama A&M,Undrafted,None,None
Zach Calzada,Texas A&MAuburnIncarnate Word,In School,None,None
Jayden Daniels,Arizona StateLSU,In School,None,2023 Heisman Trophy
Max Duggan,TCU,2023 Rd. 7,Los Angeles Chargers,Davey O'Brien Award(2022)Johnny Unitas Golden Arm Award(2022)Big 12Offensive Player of the Year (2022)Second-teamAll-American(2022)First-team All-Big 12 (2022)
Ty Evans,NC StateTexas State,In School,None,None
Grant Gunnell,ArizonaMemphisNorth TexasSam Houston,In School,None,USA Today All-American (2018)
Ryan Hilinski,South CarolinaNorthwestern,In School,None,None
Sam Howell,North Carolina,2022 Rd. 5,Washington Commanders,Second-team All-ACC (2020)Third-team All-ACC (2019)ACC Rookie of the Year (2019)USA Today Freshman All-American (2019)Military Bowl MVP (2019)
D'Wan Mathis,GeorgiaTemple,In School,None,None
Brian Maurer,TennesseeStephen F. Austin,In School,None,None
Cade McNamara,MichiganIowa,In School,None,Third-team All-Big Ten (2021)
Graham Mertz,WisconsinFlorida,In School,None,None
Dylan Morris,Washington,In School,None,None
Bo Nix,AuburnOregon,In School,None,Alabama Mr. Football (2018)USA Today All-American (2018)SEC Freshman of the Year (2019)
Spencer Rattler,OklahomaSouth Carolina,In School,None,"Elite 11 MVP2x Big 12 Champion (2019, 2020)Big 12 Championship MVP (2020)First-team All-Big 12 (2020)"
Taulia Tagovailoa,AlabamaMaryland,In School,None,None
Paul Tyson,AlabamaArizona StateClemson,In School,None,2021 CFP National Champion
Harrison Bailey,TennesseeUNLVLouisville,In School,None,None
Carson Beck,Georgia,In School,None,None
Hudson Card,TexasPurdue,In School,None,None
Jacolby Criswell,North CarolinaArkansas,In School,None,2019–20 Arkansas Gatorade Player of the Year
Hunter Dekkers,Iowa State,In School,None,2019–20 Iowa Gatorade Player of the Year
Luke Doty,South Carolina,In School,None,South Carolina's Mr. Football (2019)
Tyler Van Dyke,Miami (FL),In School,None,None
T. J. Finley,LSUAuburnTexas State,In School,None,None
Ethan Garbers,WashingtonUCLA,In School,None,None
Haynes King,Texas A&MGeorgia Tech,In School,None,None
Chandler Morris,OklahomaTCU,In School,None,None
Sol-Jay Maiava,BYU,In School,None,None
Drew Pyne,Notre DameArizona State,In School,None,None
Jeff Sims,Georgia TechNebraska,In School,None,None
C. J. Stroud,Ohio State,2023 Rd. 1,Houston Texans,Elite 11 MVP2021 Heisman Trophy Finalist
Bryce Young,Alabama,2023 Rd. 1,Carolina Panthers,2019–20 California Gatorade Player of the Year2021 CFP National ChampionUSA Today Offensive Player of the Year (2019)USA Today High School All-American(2019)2021 Heisman Trophy Winner
Tyler Buchner,Notre DameAlabama,In School,None,None
Kyron Drones,BaylorVirginia Tech,In School,None,None
Tyler Macon,MissouriAlcorn State,In School,None,None
Drake Maye,North Carolina,In School,None,None
J. J. McCarthy,Michigan,In School,None,2023 Heisman Trophy Finalist
Kyle McCord,Ohio State,In School,None,None
Miller Moss,USC,In School,None,None
Garrett Nussmeier,LSU,In School,None,None
Kaidon Salter,TennesseeLiberty,In School,None,None
Ty Thompson,Oregon,In School,None,None
Brock Vandagriff,Georgia,In School,None,None
Caleb Williams,OklahomaUSC,In School,None,Elite 11 MVPSecond team All-Big 12 (2021)USA Today High School All-American (2019)2022 Heisman Trophy Winner
Drew Allar,Penn State,In School,None,None
Devin Brown,Ohio State,In School,None,None
Nick Evers,OklahomaWisconsin,In School,None,None
Quinn Ewers,Ohio StateTexas,In School,None,None
Katin Houser,Michigan State,In School,None,None
Walker Howard,LSUOle Miss,In School,None,None
Cade Klubnik,Clemson,In School,None,Elite 11 MVPU.S. Army Player of the Year Award(2021)
Maalik Murphy,Texas,In School,None,None
Zach Pyron,Georgia Tech,In School,None,None
Luther Richesson,Cincinnati,In School,None,None
Ty Simpson,Alabama,In School,None,None
Conner Weigman,Texas A&M,In School,None,None
Jackson Arnold,Oklahoma,In School,None,Elite 11 MVP
Pierce Clarkson,Louisville,In School,None,None
Eli Holstein,Alabama,In School,None,None
Avery Johnson,Kansas State,In School,None,None
JJ Kohl,Iowa State,In School,None,None
Kenny Minchey,Notre Dame,In School,None,None
Dante Moore,Oregon,In School,None,None
Malachi Nelson,USC,In School,None,None
Austin Novosad,Oregon,In School,None,None
Chris Parson,Mississippi State,In School,None,None
Malachi Singleton,Arkansas,In School,None,None
Jaxon Smolik*,Penn State,In School,None,None
Christopher Vizzina,Clemson,In School,None,None
Elijah Brown,Stanford,In School,None,None
Jadyn Davis,Michigan,In School,None,None
Dylan Raiola,Nebraska,In School,None,None
Julian Sayin,Alabama,In School,None,Elite 11 MVP
C.J. Carr,Notre Dame,In School,None,None
Daniel Kaelin,Nebraska,In School,None,None
Air Noland,Ohio State,In School,None,None
Demond Williams,Arizona,In School,None,None
Colin Hurley,LSU,In School,None,None
Trever Jackson,Ole Miss,In School,None,None
DJ Lagaway,Florida,In School,None,None
Luke Kromenhoek,Florida State,In School,None,None
Ethan Grunkemeyer,Penn State,In School,None,None
Hauss Hejny,TCU,In School,None,None
Ryan Puglisi,Georgia,In School,None,None
Isaac Wilson,Utah,In School,None,None
Dante Reno,South Carolina,In School,None,None
Michael Hawkins,Oklahoma,In School,None,None
Will Hammond,Texas Tech,In School,None,None
Danny O’Neil,Colorado,In School,None,None
